,precision,recall,f1-score,support
with_mask,0.989247311827957,0.9928057553956835,0.9910233393177739,278.0
without_mask,0.9897435897435898,0.9846938775510204,0.9872122762148339,196.0
accuracy,0.989451476793249,0.989451476793249,0.989451476793249,0.989451476793249
macro avg,0.9894954507857734,0.9887498164733519,0.9891178077663039,474.0
weighted avg,0.989452523793071,0.989451476793249,0.9894474566844906,474.0
